{
  "name": "CmstpElevatedCOM",
  "version": "1.0.0",
  "command_name": "CmstpElevatedCOM",
  "extension_author": "icyguider",
  "original_author": "icyguider",
  "repo_url": "NA",
  "help": "Perform UAC bypass via the ICMLuaUtil elevated COM interface",
  "long_help": "",
  "depends_on": "coff-loader",
  "entrypoint": "go",
  "files": [
    {
      "os": "windows",
      "arch": "amd64",
      "path": "bin/CmstpElevatedCOMBOF.o"
    }
  ],
  "arguments": [
    {
      "name": "file_to_execute",
      "desc": "File on target host to execute",
      "type": "string",
      "optional": false
    }
  ]
}
